{"triplane_resolution": 4096, "triplane_voxel_size": 0.0009765625, "sparse_grid_resolution": 1024, "sparse_grid_voxel_size": 0.00390625, "range_features": [-7.0, 7.0], "range_density": [-14.0, 14.0], "data_block_size": 16, "atlas_width": 867, "atlas_height": 187, "atlas_depth": 187, "num_slices": 187, "slice_depth": 1, "0_weights": [[-1.0228403806686401, 0.1338627189397812, -0.1801401525735855, -0.6437593102455139, -0.43035629391670227, 3.2415008544921875, 0.6221458315849304, 0.3433607220649719, 1.9265077114105225, -0.26617103815078735, -0.423763245344162, 0.9441653490066528, -1.380935549736023, -0.952599823474884, 4.6212897300720215, -1.2971733808517456], [3.848222017288208, 0.22645443677902222, 0.008196002803742886, 0.20159506797790527, -3.4132838249206543, -3.4977710247039795, 0.8558107614517212, -1.2953159809112549, 5.612189292907715, -0.3642992377281189, -2.097076177597046, -0.4126521050930023, 2.61826229095459, 5.148897171020508, -6.821923732757568, 5.899085998535156], [3.066643476486206, -0.11675060540437698, 0.32096806168556213, 0.08857248723506927, -1.9232895374298096, -13.400979042053223, 6.067159652709961, -14.366259574890137, -2.3574044704437256, -0.3476211428642273, -20.904983520507812, 9.759212493896484, -0.060743384063243866, -1.481235384941101, 3.869563579559326, -3.5414366722106934], [0.9823487997055054, 0.18941889703273773, -0.3356795608997345, -0.514861524105072, 0.9471901655197144, -0.07187463343143463, 0.19259682297706604, 0.1248682364821434, 1.9255762100219727, -0.5266338586807251, 0.12337374687194824, -0.6840317249298096, 1.0201339721679688, 0.8678199052810669, 0.19197750091552734, -0.573580801486969], [-1.0714834928512573, -0.29893630743026733, 0.023732000961899757, -0.2535855770111084, -1.0318671464920044, -0.6982207298278809, -1.9750584363937378, -0.3929966688156128, -0.6607645153999329, -0.565743088722229, 0.1263248324394226, -0.6924561262130737, 0.08949897438287735, -0.5937831997871399, -0.2680198848247528, 0.46609964966773987], [0.22768236696720123, 0.013623352162539959, 0.1754552721977234, -0.11091051250696182, 0.019381452351808548, 0.7721619606018066, -0.18194566667079926, -0.4244594871997833, -0.5941436886787415, -0.15780101716518402, -0.08576497435569763, 0.9387133717536926, 1.3345228433609009, 0.3463814854621887, 0.20109228789806366, 0.29867830872535706], [0.7150514721870422, 0.11208706349134445, -0.40100884437561035, -0.18069753050804138, 1.038305640220642, 0.2776680290699005, 1.3788950443267822, 0.6766712665557861, 0.204606831073761, -0.4023473858833313, -0.08732398599386215, 0.9787290692329407, 0.9186784029006958, 0.9510778188705444, 0.46396109461784363, 0.1913347989320755], [-0.4913853108882904, 0.2665424346923828, -0.1574399173259735, 0.07355086505413055, 0.08896231651306152, 0.10664156824350357, 0.04296816140413284, -0.5811973214149475, 0.07950840145349503, -0.037025537341833115, 0.1935860514640808, 0.0590449795126915, 0.09183870255947113, 0.3370956480503082, 0.0758029967546463, 0.3587709963321686], [0.11234872788190842, 0.060801032930612564, 0.21593348681926727, -0.15769492089748383, 0.05036121606826782, 0.24815960228443146, -0.267471045255661, -0.09564976394176483, -0.1895841509103775, 0.01630636304616928, 0.19716548919677734, 0.409349650144577, -0.16317912936210632, -0.06085733324289322, -0.07554921507835388, 0.24685095250606537], [0.17410880327224731, 0.3441917300224304, 0.18333570659160614, 0.34089553356170654, 0.08987759798765182, 0.3956313133239746, -0.00747638987377286, 0.5451399087905884, 0.49709054827690125, 0.18619807064533234, 0.11104866117238998, -0.47268205881118774, -0.026403231546282768, -0.2927114963531494, -0.29407137632369995, -0.281371146440506], [-0.07040079683065414, -0.24786441028118134, -0.3954642117023468, -0.11564575135707855, -0.42874377965927124, -0.06811151653528214, -0.08107394725084305, -0.2868039309978485, -0.2732551395893097, 0.5379279851913452, 0.44865450263023376, 0.05990228429436684, -0.1715860664844513, -0.3383598327636719, -0.0009742930415086448, -0.21570254862308502], [-0.31998875737190247, -0.0232387762516737, -0.4537026286125183, 0.16515177488327026, 0.43326669931411743, 0.26762324571609497, -0.08161386847496033, -0.4427989423274994, 0.20481576025485992, -0.40236544609069824, -0.10047637671232224, -0.20755183696746826, 0.24486543238162994, 0.017313288524746895, 0.03075740858912468, 0.06899446249008179], [-0.5053265690803528, 0.24412047863006592, 0.10919483006000519, -0.07245945185422897, -0.5005883574485779, -0.0365302711725235, 0.21163511276245117, 0.3320368826389313, 0.141294464468956, 0.4504738450050354, 0.20995861291885376, -0.21298876404762268, 0.5545006394386292, 0.17321044206619263, 0.03555759787559509, 0.3398951590061188], [0.2911061644554138, -0.12664349377155304, 0.2615514099597931, 0.14978845417499542, 0.2160414457321167, 0.12175297737121582, -0.14381279051303864, 0.07048269361257553, 0.0889478251338005, -0.19118797779083252, -0.0915929302573204, -0.09357387572526932, 0.05480475723743439, -0.12093355506658554, -0.0941217914223671, -0.09349946677684784], [0.09494879841804504, 0.12972766160964966, -0.06696556508541107, 0.11483704298734665, -0.2816180884838104, -0.3134245276451111, 0.1842305064201355, -0.2895875573158264, -0.022137034684419632, 0.0782427042722702, -0.05871255695819855, -0.10555395483970642, 0.001313850050792098, 0.10564245283603668, 0.04616422578692436, -0.27328622341156006], [0.23243142664432526, 0.20740333199501038, 0.11870486289262772, 0.12839873135089874, -0.20203089714050293, 0.2691185772418976, -0.08887834846973419, 0.26759177446365356, 0.37559953331947327, 0.025644056499004364, -0.3963196277618408, -0.21171283721923828, 0.10292594879865646, -0.013024612329900265, 0.08781781792640686, 0.24001604318618774], [-0.05567481368780136, -0.27806994318962097, -0.02437579445540905, 0.20511800050735474, -0.039512813091278076, -0.026463231071829796, 0.051642805337905884, -0.11290168017148972, -0.015497787855565548, 0.05275625362992287, 0.034818220883607864, 0.006723123602569103, -0.03376203775405884, 0.03349387273192406, 0.012333875522017479, 0.01435451302677393], [-0.014130077324807644, 0.21007993817329407, -0.31285783648490906, 0.1361250877380371, 0.06229013577103615, 0.04886118695139885, -0.004381120204925537, 0.2711382806301117, -0.009349777363240719, 0.18965616822242737, 0.02943330630660057, 0.03292830288410187, -0.01842619478702545, -0.03266153857111931, -0.011707889847457409, 0.06132190674543381], [0.1628551185131073, 0.34295010566711426, 0.2580302953720093, 0.013403902761638165, -0.2972375154495239, 0.04164204001426697, -0.5577850341796875, 0.11822328716516495, 0.5761533379554749, -0.21978336572647095, 0.008341529406607151, -0.15817315876483917, -0.11868561059236526, -0.07582958787679672, -0.21044161915779114, -0.13400062918663025], [-0.007279242854565382, -0.28279489278793335, 0.027376146987080574, -0.2201993763446808, 0.011193905025720596, 0.01905922405421734, 0.01439558994024992, -0.01822868548333645, 0.005191151052713394, -0.12290185689926147, -0.024632686749100685, 0.005988055374473333, 0.008062664419412613, 0.004817367065697908, 0.0013494618469849229, 0.004249397665262222], [-0.010500742122530937, 0.12409572303295135, -0.24086131155490875, -0.26018837094306946, -0.003780659520998597, 0.0005135274841450155, -0.002244382631033659, -0.05171975493431091, -0.006710611749440432, 0.022845998406410217, -0.0007403162308037281, -0.0034355646930634975, -0.00021405772713478655, 0.0044858395121991634, -0.0012037181295454502, -0.007967038080096245], [0.3263646364212036, 0.026172330603003502, 0.38755002617836, -0.05970767140388489, -0.09404005855321884, 0.05962105840444565, 0.006167721934616566, 0.3445090651512146, 0.32259297370910645, 0.2295791506767273, -0.2379043996334076, -0.28082960844039917, -0.054187044501304626, -0.03713720291852951, -0.11750689893960953, -0.196199432015419], [0.29317349195480347, -0.33439168334007263, -0.48186492919921875, -0.34613627195358276, -0.2102406620979309, -0.3183594048023224, 0.42582574486732483, 