{"triplane_resolution": 4096, "triplane_voxel_size": 0.0009765625, "sparse_grid_resolution": 1024, "sparse_grid_voxel_size": 0.00390625, "range_features": [-7.0, 7.0], "range_density": [-14.0, 14.0], "data_block_size": 16, "atlas_width": 1479, "atlas_height": 935, "atlas_depth": 17, "num_slices": 17, "slice_depth": 1, "0_weights": [[-0.5921967625617981, 0.06292527914047241, -0.22584128379821777, -3.6097042560577393, 1.23943030834198, -0.11882030963897705, -1.57817542552948, -0.22804445028305054, 1.5007835626602173, 0.537668764591217, -0.13018754124641418, 3.314753532409668, -0.22671400010585785, -1.1971415281295776, 2.34407377243042, -0.008136158809065819], [2.0925865173339844, 0.21680118143558502, 0.03626886382699013, -3.453230381011963, -3.796876907348633, 0.19533312320709229, -1.9507629871368408, -0.19345584511756897, 3.9727535247802734, -4.070262908935547, -0.1011585146188736, 0.1941343992948532, 2.096871852874756, 2.7678236961364746, -1.9068958759307861, 3.021312713623047], [2.676081657409668, -0.13322770595550537, 0.4179471731185913, 1.4110829830169678, -2.3136115074157715, 2.6154448986053467, 4.008501052856445, -0.24279795587062836, -3.609351396560669, -0.7777177691459656, 0.7881438136100769, 1.3569858074188232, 4.28322172164917, -0.4944717288017273, 1.658322811126709, 3.1405506134033203], [0.7275374531745911, 0.24054160714149475, -0.39562147855758667, -0.8824225664138794, -0.8817366361618042, -1.5599333047866821, 0.21631968021392822, 0.14990811049938202, 1.0703952312469482, 0.45944640040397644, 2.269254684448242, 0.498958945274353, 0.56795334815979, 0.2650640308856964, 0.23187024891376495, 1.1971793174743652], [-0.9808264970779419, -0.208998441696167, 0.18088485300540924, 0.33777135610580444, -0.9536943435668945, 1.828324317932129, 1.254460334777832, -0.4184280335903168, -0.03272472321987152, 0.769595742225647, -2.1114790439605713, -0.5890551209449768, -0.5363807082176208, 0.14694876968860626, 0.3403661251068115, 0.5008277297019958], [0.945121705532074, -0.09752277284860611, 0.24485726654529572, 1.4947526454925537, -0.3975673019886017, 0.38977065682411194, -3.750418186187744, -0.26037055253982544, 1.1714483499526978, -0.2161254584789276, -1.9083144664764404, 1.029591679573059, 1.1271905899047852, 0.4195001423358917, 0.07367761433124542, 0.5408570170402527], [-0.5984528660774231, 0.12407580763101578, -0.4107270836830139, -4.206419467926025, 0.44003137946128845, -1.6734950542449951, 0.569481611251831, 0.14919441938400269, -0.08086147159337997, -0.5288808941841125, 2.4503371715545654, 1.4478470087051392, -1.8408560752868652, 0.6863824725151062, 0.08578550815582275, -2.339956760406494], [-0.21228313446044922, 0.32363393902778625, -0.08303409069776535, -0.035791847854852676, 0.5104976296424866, 0.001496108598075807, -0.1765100359916687, -0.36570754647254944, 0.1830240935087204, -0.23708172142505646, -0.00953352078795433, 0.19101987779140472, 0.1547277718782425, 0.41887956857681274, -0.22015517950057983, 0.09570661187171936], [0.14491243660449982, 0.11051998287439346, 0.2138623148202896, -0.2652139663696289, -0.03404118865728378, -0.09465799480676651, -0.113686203956604, 0.15913033485412598, -0.1373988687992096, -0.01218358427286148, 0.09103858470916748, 0.26930102705955505, -0.2210720032453537, 0.18671700358390808, -0.007946406491100788, -0.02050740458071232], [0.15996554493904114, 0.3999938666820526, 0.16640590131282806, 0.17190228402614594, 0.19245101511478424, 0.28414684534072876, 0.00206047878600657, 0.3528798222541809, 0.688565194606781, 0.08351635932922363, 0.30091533064842224, -0.38775962591171265, -0.17324227094650269, -0.2056354582309723, -0.20808357000350952, -0.2105017751455307], [0.09002409875392914, -0.1873501092195511, -0.3230668008327484, -0.20553605258464813, -0.18643413484096527, -0.13039752840995789, -0.15086376667022705, -0.08997107297182083, -0.2168920636177063, 0.36763453483581543, 0.279484361410141, 0.13375166058540344, -0.14047659933567047, -0.27671387791633606, -0.11139167100191116, -0.3728313446044922], [-0.2946091592311859, 0.025847112759947777, -0.4499009847640991, 0.08380209654569626, 0.370538592338562, 0.0984463095664978, 0.012565425597131252, -0.16243784129619598, 0.23465687036514282, -0.3897552788257599, -0.15240007638931274, -0.285818874835968, 0.20925329625606537, 0.11205950379371643, 0.054799798876047134, -0.06186085566878319], [-0.5225359797477722, 0.3004905581474304, 0.09175672382116318, -0.25562989711761475, -0.39744243025779724, -0.1585562825202942, 0.23593991994857788, 0.17013518512248993, 0.28831684589385986, 0.3411332964897156, 0.39828214049339294, -0.11954998970031738, 0.40712979435920715, 0.2619518041610718, 0.11373737454414368, 0.43031197786331177], [0.13755246996879578, -0.054871078580617905, 0.3279011845588684, 0.10903865844011307, -0.03737827390432358, 0.18547698855400085, 0.1852627843618393, 0.20491895079612732, -0.000364895211532712, -0.2840096652507782, -0.17296016216278076, -0.22426186501979828, 0.012530761770904064, -0.11719419807195663, 0.292087584733963, 0.047511324286460876], [0.09514232724905014, 0.17647835612297058, -0.044984158128499985, 0.09799285233020782, -0.28258082270622253, 0.05660285800695419, 0.09966666251420975, 0.05013313144445419, -0.06658656150102615, 0.1972307413816452, 0.04275514557957649, -0.004221118986606598, 0.030365830287337303, -0.2394813746213913, -0.060873694717884064, -0.004189206287264824], [0.20303446054458618, 0.2663932740688324, 0.10010844469070435, -0.08815808594226837, -0.09810520708560944, 0.12145406007766724, -0.016150765120983124, 0.19063930213451385, 0.38347822427749634, -0.10439342260360718, -0.21577154099941254, -0.09518350660800934, -0.04850902408361435, 0.07815927267074585, 0.1439521610736847, 0.3911498486995697], [-0.024039944633841515, -0.15305010974407196, 0.01981041394174099, -0.00043326994637027383, -0.035362694412469864, -0.01713055931031704, -0.03418831154704094, -0.33283793926239014, 0.002796523505821824, 0.02946675568819046, 0.027239682152867317, 0.03790616989135742, -0.009135116823017597, 0.032450899481773376, -0.0396861769258976, 0.026983551681041718], [-0.011991207487881184, 0.18765918910503387, -0.1318422108888626, -0.01717187464237213, 0.07971084862947464, -0.004545132163912058, -0.028541818261146545, -0.14491364359855652, 0.0096983527764678, -0.005656995344907045, -0.0016622374532744288, 0.0012170489644631743, -0.015236672013998032, 0.05745208263397217, 0.02682442218065262, 0.05006597936153412], [0.09482506662607193, 0.26581504940986633, 0.2465210109949112, -0.25742125511169434, -0.21816019713878632, -0.09509246051311493, -0.16464105248451233, 0.21294018626213074, 0.30535587668418884, -0.4661833345890045, 0.1363178789615631, 0.07804199308156967, -0.2906970977783203, -0.10068365931510925, -0.2306237667798996, 0.8530263304710388], [0.0015828456962481141, -0.32059335708618164, 0.010019971057772636, -0.0012211828725412488, 0.021695347502827644, 0.014396262355148792, -0.0024918750859797, 0.15220817923545837, 0.0004412326670717448, 0.012288091704249382, 0.0047209179028868675, -0.00024843422579579055, 0.0024126945063471794, -0.0032327785156667233, -0.005999763496220112, -0.014980187639594078], [-0.0024115261621773243, 0.07388602942228317, -0.31507474184036255, 0.0023100131656974554, -0.009674455970525742, -0.017929891124367714, 0.004022782668471336, 0.3049560487270355, -0.0007294329698197544, 0.0014986565802246332, 1.9984727259725332e-06, -0.003933544736355543, 0.0015973725821822882, -0.007293435279279947, 0.0017574767116457224, -0.021833546459674835], [0.15214061737060547, 0.0725545808672905, 0.21911831200122833, -0.1029609814286232, -0.16813009977340698, 0.10812410712242126, -0.07142215222120285, 0.09401030093431473, 0.07004119455814362, -0.10128168016672134, -0.012734953314065933, 0.0534449964761734, 0.005493453703820705, -0.08963869512081146, -0.1410587728023529, 0.2975611388683319], [0.4289416968822479, -0.3771718740463257, -0.4471023678779602, -0.08362400531768799, -0.26635250449180603, -0.4774722456932068, 0.35970547795295715, 