{"triplane_resolution": 4096, "triplane_voxel_size": 0.0009765625, "sparse_grid_resolution": 512, "sparse_grid_voxel_size": 0.0078125, "range_features": [-7.0, 7.0], "range_density": [-14.0, 14.0], "data_block_size": 16, "atlas_width": 1819, "atlas_height": 255, "atlas_depth": 17, "num_slices": 17, "slice_depth": 1, "0_weights": [[-0.16458678245544434, 0.12433911859989166, 1.6739072799682617, 2.4390039443969727, -0.8001054525375366, 0.9846559762954712, 0.5837058424949646, -0.2744946777820587, -0.004841949790716171, -0.3204028308391571, 0.2882474958896637, -0.018627779558300972, 0.15569759905338287, -1.6790947914123535, -1.4087294340133667, -0.6814773678779602], [0.12427394092082977, -0.21268577873706818, 0.5037540793418884, -1.556857705116272, -0.59507155418396, -0.5014196038246155, 1.1005357503890991, -0.23145179450511932, 1.257433533668518, -0.49753689765930176, 0.16493603587150574, -0.09359703212976456, 0.5099765658378601, 0.49918171763420105, 1.4829615354537964, 0.23505717515945435], [-3.5214643478393555, -0.5880178213119507, 2.3149383068084717, 1.1247339248657227, 0.12839846312999725, -0.9470279216766357, 0.9973034858703613, -0.27343493700027466, 0.5048848390579224, -0.206830695271492, -0.13161510229110718, 0.08531512320041656, -0.130730539560318, 0.35891157388687134, 1.92767333984375, -0.4039660692214966], [2.851743459701538, -0.07110318541526794, -0.21357139945030212, 1.3030864000320435, 0.7242602109909058, 0.06539391726255417, 1.30680513381958, 0.2776339054107666, 0.4458470046520233, 0.08331042528152466, 0.5127978324890137, -0.49249768257141113, 1.929625153541565, 2.063445568084717, -0.5239512324333191, -2.3346941471099854], [0.2985968291759491, -0.6256833672523499, 1.120676875114441, 0.8436082601547241, 0.616225004196167, -0.12885712087154388, -1.1606378555297852, -0.4731396436691284, 1.1494765281677246, -0.5112881064414978, -0.9036149978637695, 0.8667225241661072, 0.720751166343689, 0.13713058829307556, 0.22306224703788757, 1.4878021478652954], [1.1021268367767334, -0.15668997168540955, 0.44929659366607666, -0.9935501217842102, -3.547302484512329, 6.226090908050537, -2.954054832458496, -0.3103291690349579, -1.132287621498108, -1.3842915296554565, 0.26305779814720154, 2.523113250732422, 2.2786309719085693, 0.6276139616966248, 1.2780756950378418, 1.4555025100708008], [-1.699597716331482, 0.09723417460918427, -1.6301547288894653, -1.498802661895752, 0.3665528893470764, -1.0620777606964111, -0.6051506400108337, 0.11039844155311584, -0.5348716378211975, -1.6745744943618774, 1.098203420639038, -0.471008837223053, 0.44750499725341797, -1.2703351974487305, 0.23870857059955597, 0.5089517831802368], [-0.4788225293159485, 0.3497399687767029, 0.06779016554355621, 0.19988468289375305, 0.33430302143096924, 0.2692576050758362, 0.07353925704956055, -0.3243512213230133, 0.8615081906318665, -0.3263723850250244, 0.04202928766608238, 0.48360154032707214, 0.007881383411586285, 0.2714379131793976, 0.2821553349494934, 0.23285792768001556], [0.2422807514667511, -0.014754127711057663, 0.1713295876979828, -0.12591823935508728, 0.1891542673110962, -0.11427474766969681, 0.05865384638309479, 0.11678778380155563, -0.22505462169647217, 0.3274945616722107, 0.6427585482597351, 0.33973440527915955, -0.2048940360546112, 0.17365872859954834, -0.21588318049907684, 0.027798866853117943], [0.2081315964460373, 0.41169190406799316, -0.0956505760550499, 0.4542337656021118, 0.22501415014266968, 0.1697264164686203, 0.04590088501572609, 0.39607006311416626, 0.6809089779853821, -0.18522106111049652, 0.3724750876426697, -0.43089184165000916, -0.07610389590263367, -0.33907270431518555, -0.13635531067848206, -0.3828693628311157], [-0.11622403562068939, -0.16341431438922882, -0.23018480837345123, -0.009584836661815643, -0.2658683657646179, 0.08408854156732559, -0.0982116088271141, -0.048471130430698395, 0.35626310110092163, 0.28432515263557434, 0.3430642783641815, 0.30376136302948, -0.2733403742313385, -0.35713517665863037, 0.20860713720321655, -0.2809044420719147], [-0.17448115348815918, -0.0967143252491951, -0.4703567624092102, 0.20476476848125458, 0.61762535572052, 0.051424939185380936, 0.15486575663089752, -0.2047557234764099, 0.12476295977830887, -0.1138232946395874, 0.4139273166656494, -0.2122461050748825, 0.26336124539375305, 0.08069004863500595, -0.16634508967399597, 0.02197999693453312], [-0.46972787380218506, 0.3102875351905823, -0.16268125176429749, 0.004866547416895628, -0.3493722379207611, -0.2748890519142151, 0.2713403105735779, 0.21319009363651276, 0.2931247651576996, 0.07994985580444336, 0.46955397725105286, -0.17961333692073822, 0.5059506893157959, 0.13053973019123077, 0.1766745150089264, 0.2613541781902313], [0.09761086851358414, -0.03857352212071419, 0.2668956220149994, 0.19718937575817108, 0.14826518297195435, 0.2554282546043396, -0.25965362787246704, 0.24682201445102692, 0.269671231508255, -0.35148757696151733, -0.07864846289157867, -0.37156328558921814, -0.07812809944152832, -0.02270088531076908, 0.1280292123556137, 0.017428526654839516], [0.2636508643627167, 0.06295622885227203, 0.004462892655283213, 0.17621175944805145, 0.0213999692350626, -0.057294730097055435, 0.1562991589307785, 0.007847475819289684, -0.23502005636692047, 0.2950735092163086, 0.6305128335952759, 0.08199375122785568, 0.17583806812763214, -0.3251924514770508, -0.3223872780799866, 0.16272303462028503], [0.27484479546546936, 0.2709861695766449, -0.1289844661951065, 0.09341692179441452, -0.0024014515802264214, -0.0006655348115600646, -0.005367016885429621, 0.23311631381511688, 0.42981743812561035, -0.3413115441799164, -0.14830447733402252, -0.20751182734966278, 0.058657336980104446, -0.04778037220239639, 0.18182431161403656, 0.23095566034317017], [-0.00928293913602829, -0.18144755065441132, -0.06831307709217072, 0.1680358499288559, 0.1022387370467186, -0.0984620749950409, 0.056164443492889404, -0.288491427898407, -0.2022733986377716, 0.06963804364204407, -0.2040252685546875, 0.08597584068775177, 0.06602457910776138, 0.15466174483299255, -0.33586668968200684, -0.08710730820894241], [-0.19180160760879517, 0.12643522024154663, 0.15791159868240356, 0.20897673070430756, 0.19163309037685394, -0.062267936766147614, -0.1511191576719284, -0.18715913593769073, -0.006514604203402996, 0.052504509687423706, 0.011531073600053787, 0.29495933651924133, -0.0797162875533104, -0.21028929948806763, -0.4593672454357147, 0.02323347143828869], [0.3135673403739929, 0.3810538351535797, 0.22650331258773804, -0.5417983531951904, 0.2214764952659607, -0.24730102717876434, -0.2584172487258911, 0.14292815327644348, 0.1095094084739685, -0.5647950768470764, 0.041292931884527206, -0.37690427899360657, 0.015584246255457401, -0.07555530965328217, -0.26838651299476624, 0.3053014874458313], [0.038804106414318085, -0.18870799243450165, 0.02996266819536686, -0.0841461792588234, -0.1516486555337906, -0.013131415471434593, -0.01810358464717865, 0.11107377707958221, 0.021684395149350166, -0.019593384116888046, 0.0014574647648259997, -0.10534334927797318, 0.026401041075587273, -0.08562464267015457, 0.08616643399000168, -0.004036239348351955], [0.051595497876405716, 0.10604045540094376, -0.008359561674296856, 0.03875517100095749, -0.08380615711212158, -0.025643624365329742, 0.03730100765824318, 0.26167988777160645, -0.038063354790210724, 0.06789611279964447, 0.05113891884684563, 0.029218168929219246, -0.03232894465327263, -0.023577358573675156, 0.05952432006597519, -0.0075539820827543736], [-0.008046549744904041, 0.05118411034345627, 0.347671240568161, 0.3112812340259552, 0.21750259399414062, -0.1309228241443634, -0.295686274766922, 0.16392171382904053, -0.21182377636432648, 0.08770895004272461, -0.5029324293136597, 0.04921836778521538, 0.29042837023735046, 0.18810923397541046, -0.4183293879032135, 0.09411023557186127], [0.40923449397087097, -0.3930165767669678, -0.24069656431674957, -0.3823195695877075, -0.33281007409095764, -0.3919447064399719, 0.28531506657600403, -0.02770451456308365, 0.08903241157531738, 0.21860438585281372, 