{"triplane_resolution": 4096, "triplane_voxel_size": 0.0009765625, "sparse_grid_resolution": 1024, "sparse_grid_voxel_size": 0.00390625, "range_features": [-7.0, 7.0], "range_density": [-14.0, 14.0], "data_block_size": 16, "atlas_width": 1785, "atlas_height": 850, "atlas_depth": 17, "num_slices": 17, "slice_depth": 1, "0_weights": [[-4.182944297790527, 0.12255937606096268, -0.002417684067040682, -1.4016096591949463, -0.4501764476299286, 3.0209994316101074, 1.1759330034255981, -0.28265416622161865, 2.5223958492279053, 2.899202823638916, 0.2545503079891205, 1.9244136810302734, -1.2964621782302856, -1.3252779245376587, 0.8941047787666321, -1.418859839439392], [3.8354780673980713, 0.21535606682300568, -0.05815302953124046, 1.5113248825073242, 5.8464789390563965, 0.3084075450897217, 3.782463550567627, -0.2491653710603714, -3.306548833847046, -1.766019582748413, 2.7794063091278076, -3.365490436553955, 2.920388698577881, 3.0649752616882324, -0.7246954441070557, 7.285870552062988], [9.25041675567627, -0.13382714986801147, 0.27599436044692993, -0.7340049743652344, 2.765160083770752, -6.04064416885376, -2.7038087844848633, -0.29776644706726074, -3.946852207183838, 0.6177595853805542, -3.479884386062622, 3.0543384552001953, 7.306128978729248, -1.4252194166183472, -3.0640714168548584, 11.631197929382324], [-0.48328495025634766, 0.2100069671869278, -0.44118091464042664, -0.6278936862945557, 0.8236914277076721, 0.6231870055198669, -1.2320539951324463, 0.09448584169149399, 0.3891218900680542, -0.28825849294662476, 1.0033048391342163, 1.5221983194351196, 0.8083168268203735, 1.444846510887146, 2.018599271774292, 1.2893236875534058], [0.29056447744369507, -0.2389470487833023, 0.07755549997091293, -1.7980378866195679, 0.218624085187912, -2.332014560699463, 0.5757963061332703, -0.4734404981136322, -0.46825337409973145, -1.6093699932098389, 1.388411521911621, 0.13825656473636627, 0.4693678021430969, 0.24799709022045135, 0.8005512952804565, 1.7012535333633423], [1.0424107313156128, -0.007951673120260239, 0.1634027063846588, -0.3757935166358948, -0.10509368032217026, 0.8554883003234863, 0.139220729470253, -0.313241571187973, -0.30397725105285645, 0.43958744406700134, 0.19081702828407288, 1.3985248804092407, 1.2302261590957642, 1.1437467336654663, -0.06282343715429306, 0.15728984773159027], [0.0976022332906723, 0.12350637465715408, -0.4209307134151459, 0.9343339800834656, 0.8493313789367676, -1.8142530918121338, 0.5827942490577698, 0.09125202894210815, 0.1253117471933365, -1.3941713571548462, -1.7304097414016724, -0.015250797383487225, -0.027472462505102158, -0.2848072052001953, 0.5375651717185974, -1.1823855638504028], [-0.19032107293605804, 0.29685795307159424, -0.0890025645494461, 0.29976746439933777, 0.28021228313446045, 0.10814710706472397, -0.19105525314807892, -0.31539615988731384, 0.17594584822654724, -0.12574723362922668, 0.184994637966156, 0.03650103509426117, 0.024694882333278656, 0.2707633674144745, 0.020937804132699966, 0.17833943665027618], [0.26636508107185364, 0.10697195678949356, 0.3532615005970001, -0.09160682559013367, -9.064148616744205e-05, -0.0858321413397789, -0.27634745836257935, 0.10538296401500702, -0.24700231850147247, 0.23488269746303558, 0.11103428900241852, 0.36444947123527527, -0.16214492917060852, 0.10708671808242798, 0.17631381750106812, 0.07576370984315872], [0.35033485293388367, 0.37275591492652893, 0.23360277712345123, -0.029039200395345688, 0.28945454955101013, 0.019321085885167122, 0.0532083734869957, 0.403310626745224, 0.4427884817123413, -0.26045024394989014, 0.6626871824264526, -0.4376438558101654, -0.05023409426212311, -0.35983896255493164, -0.0498906709253788, -0.1878485381603241], [0.09991669654846191, -0.22061896324157715, -0.32861635088920593, -0.038288529962301254, -0.3402714133262634, -0.10132167488336563, -0.1653616726398468, -0.039629895240068436, -0.2201586663722992, 0.46373915672302246, 0.3572079837322235, 0.05443662405014038, -0.2040325254201889, -0.34656527638435364, -0.019709715619683266, -0.31546512246131897], [-0.23468495905399323, 0.023559216409921646, -0.31002214550971985, 0.17169320583343506, 0.4028235971927643, 0.08960270881652832, -0.064083993434906, -0.21613383293151855, 0.18099674582481384, -0.2540166676044464, -0.16452816128730774, -0.24108220636844635, 0.23162926733493805, 0.07655684649944305, 0.1288929134607315, -0.009659824892878532], [-0.3430892527103424, 0.27151963114738464, 0.15779930353164673, -0.43865373730659485, -0.3032839596271515, -0.39964327216148376, 0.2632787823677063, 0.22060275077819824, 0.07857511192560196, 0.03440040722489357, 0.7388716340065002, -0.18659177422523499, 0.5272031426429749, 0.09987522661685944, 0.2910969853401184, 0.4521753191947937], [0.097283273935318, -0.10108602792024612, 0.32370105385780334, -0.1969902068376541, 0.021917223930358887, -5.647332363878377e-05, 0.2070535123348236, 0.255352258682251, 0.009588528424501419, -0.22711554169654846, -0.4157288670539856, -0.0683976337313652, 0.1247619166970253, 0.030275151133537292, -0.028169266879558563, 0.04335663840174675], [-0.023248841986060143, 0.17818309366703033, 0.09619505703449249, -0.056710563600063324, -0.2586575746536255, 0.00012483687896747142, 0.29449930787086487, -0.003169664181768894, 0.05284012109041214, 0.01569637656211853, -0.08007410913705826, -0.11696725338697433, -0.060043815523386, -0.14188408851623535, -0.3124389052391052, -0.08649679273366928], [0.3514999747276306, 0.2318057417869568, 0.16179852187633514, -0.2238195687532425, -0.010612579062581062, -0.048775073140859604, -0.0575409010052681, 0.2412375956773758, 0.2866385877132416, -0.2985896170139313, 0.06367768347263336, -0.213082954287529, 0.06304698437452316, -0.1031622588634491, 0.3800690472126007, 0.40923234820365906], [-0.016986530274152756, -0.24815228581428528, 0.02301502414047718, 0.05197900906205177, 0.0016011252300813794, 0.002450553933158517, -0.07290282845497131, -0.28207945823669434, 0.007766097784042358, 0.04168377444148064, 0.08541470766067505, 0.01727001741528511, -0.02987542748451233, 0.010393090546131134, 0.01345719862729311, 0.012854255735874176], [0.013197725638747215, 0.23661985993385315, -0.2747862935066223, 0.006158123258501291, 0.05143982917070389, -0.0019369116052985191, -0.00874581839889288, -0.0566905215382576, -0.01412913203239441, 0.006581876426935196, 0.029640382155776024, 0.026296189054846764, 0.0015232099685817957, 0.022946566343307495, 0.06545324623584747, 0.01718784123659134], [0.07592964917421341, 0.34057220816612244, 0.26763299107551575, -0.2316296547651291, -0.13346438109874725, -0.009229885414242744, -0.4987023174762726, 0.3630690276622772, 0.35510724782943726, -0.1763184368610382, 0.13770952820777893, -0.30333083868026733, -0.21781779825687408, -0.1365673840045929, 0.25517386198043823, 0.28354746103286743], [0.0022393325343728065, -0.26385262608528137, 0.05804651603102684, -0.011187959462404251, 0.0022531624417752028, 0.003245521569624543, -0.004487993661314249, 0.20745150744915009, -0.005526209715753794, -0.008265195414423943, -0.01553376019001007, -0.002310722367838025, 0.007028502412140369, -0.0005893415072932839, 0.001791787100955844, -0.008994853124022484], [-0.001729232375510037, 0.07632354646921158, -0.26913750171661377, -0.004260281100869179, -0.006002747919410467, 0.002600256586447358, 0.00856045726686716, 0.2536095976829529, 0.005932237487286329, 0.0012945208000019193, -0.0038826039526611567, -0.004356930032372475, -0.004173715133219957, -0.000713191635441035, -0.0041394224390387535, 0.0019452673150226474], [0.04767297953367233, 0.013211826793849468, 0.3048780560493469, -0.027971195057034492, -0.05524192377924919, -0.05796124413609505, -0.48221302032470703, 0.12349309772253036, 0.06685253977775574, 0.06329911947250366, 0.2749486565589905, -0.17439624667167664, 0.008924962021410465, -0.12032105028629303, 0.2627924680709839, 0.06409785151481628], [0.16022570431232452, -0.34547674655914307, -0.49747538566589355, 0.14438748359680176, -0.461709201335907, -0.2876526117324829, 0.2091565877199173, 